{
  "last_trained": "2026-04-12 05:37:02",
  "horizons": {
    "3": {
      "down": {
        "cv_mae": 143.2907978436703,
        "n_samples": 2735
      },
      "up": {
        "cv_mae": 121.60354519760244,
        "n_samples": 2735
      }
    },
    "5": {
      "down": {
        "cv_mae": 183.51341733972228,
        "n_samples": 2735
      },
      "up": {
        "cv_mae": 156.48990861375347,
        "n_samples": 2735
      }
    },
    "7": {
      "down": {
        "cv_mae": 215.9043665472734,
        "n_samples": 2735
      },
      "up": {
        "cv_mae": 185.35512437018434,
        "n_samples": 2735
      }
    },
    "14": {
      "down": {
        "cv_mae": 304.90405436161853,
        "n_samples": 2735
      },
      "up": {
        "cv_mae": 260.6500122525207,
        "n_samples": 2735
      }
    }
  }
}