{
  "last_trained": "2026-04-05 05:27:17",
  "metrics": {
    "cv_accuracy": 0.9037362637362637,
    "rev_freq": 8.498168498168498,
    "n_samples": 2730
  }
}