{
  "last_trained": "2026-04-12 05:37:12",
  "metrics": {
    "cv_accuracy": 0.9059340659340659,
    "rev_freq": 8.555758683729433,
    "n_samples": 2735
  }
}