{
  "last_trained": "2026-04-12 05:35:49",
  "threshold_pct": 4.0,
  "horizons": {
    "28": {
      "PUT": {
        "cv_accuracy": 0.5314285714285714,
        "safe_pct": 65.85009140767825,
        "n_samples": 2735
      },
      "CALL": {
        "cv_accuracy": 0.5257142857142857,
        "safe_pct": 56.12431444241316,
        "n_samples": 2735
      }
    }
  }
}