{
  "last_trained": "2026-04-05 05:25:53",
  "threshold_pct": 4.0,
  "horizons": {
    "28": {
      "PUT": {
        "cv_accuracy": 0.5340659340659341,
        "safe_pct": 65.97069597069597,
        "n_samples": 2730
      },
      "CALL": {
        "cv_accuracy": 0.4997802197802197,
        "safe_pct": 57.21611721611721,
        "n_samples": 2730
      }
    }
  }
}