{
  "last_trained": "2026-04-12 05:35:45",
  "horizons": {
    "1": {
      "cv_accuracy": 0.6175824175824176,
      "vix_up_pct": 45.703839122486286,
      "n_samples": 2735
    },
    "3": {
      "cv_accuracy": 0.5586813186813188,
      "vix_up_pct": 48.81170018281536,
      "n_samples": 2735
    },
    "5": {
      "cv_accuracy": 0.5767032967032966,
      "vix_up_pct": 47.751371115173676,
      "n_samples": 2735
    },
    "7": {
      "cv_accuracy": 0.541098901098901,
      "vix_up_pct": 47.86106032906764,
      "n_samples": 2735
    }
  }
}