{
  "last_trained": "2026-04-12 05:35:37",
  "metrics": {
    "cv_accuracy": 0.927912087912088,
    "cv_precision": 0.3458823529411765,
    "gap_freq": 6.986100950987565,
    "n_samples": 2734
  }
}