{
  "last_trained": "2026-04-12 05:35:59",
  "horizons": {
    "3": {
      "cv_accuracy": 0.64,
      "shift_freq": 33.345521023766,
      "n_samples": 2735
    },
    "5": {
      "cv_accuracy": 0.5586813186813188,
      "shift_freq": 42.59597806215722,
      "n_samples": 2735
    },
    "7": {
      "cv_accuracy": 0.5410989010989011,
      "shift_freq": 48.62888482632541,
      "n_samples": 2735
    }
  }
}