{
  "last_trained": "2026-04-05 05:27:19",
  "metrics": {
    "cv_accuracy": 0.6250549450549451,
    "vol_freq": 49.89010989010989,
    "n_samples": 2730
  }
}