{
  "last_trained": "2026-04-12 04:44:02",
  "threshold_pct": 2.5,
  "threshold_desc": "\u00b12.5% (~600 pts at Nifty 24000)",
  "horizons": {
    "3": {
      "PUT": {
        "cv_accuracy": 0.770989010989011,
        "cv_logloss": 0.506745690181059,
        "val_accuracy": 0.8442822384428224,
        "val_logloss": 0.4166654085677006,
        "safe_pct": 83.87568555758683,
        "breach_pct": 16.12431444241317,
        "n_samples": 2735,
        "n_features": 183,
        "model_path": "/home/runner/work/JUDAH-Nifty-Oracle/JUDAH-Nifty-Oracle/data/models/breach/xgb_breach_put_3d.pkl"
      },
      "CALL": {
        "cv_accuracy": 0.7986813186813186,
        "cv_logloss": 0.4785217561920172,
        "val_accuracy": 0.8394160583941606,
        "val_logloss": 0.4240650406461642,
        "safe_pct": 84.24131627056673,
        "breach_pct": 15.758683729433276,
        "n_samples": 2735,
        "n_features": 183,
        "model_path": "/home/runner/work/JUDAH-Nifty-Oracle/JUDAH-Nifty-Oracle/data/models/breach/xgb_breach_call_3d.pkl"
      }
    },
    "5": {
      "PUT": {
        "cv_accuracy": 0.6553846153846153,
        "cv_logloss": 0.623657727010095,
        "val_accuracy": 0.7177615571776156,
        "val_logloss": 0.5815505434090316,
        "safe_pct": 73.89396709323583,
        "breach_pct": 26.106032906764163,
        "n_samples": 2735,
        "n_features": 183,
        "model_path": "/home/runner/work/JUDAH-Nifty-Oracle/JUDAH-Nifty-Oracle/data/models/breach/xgb_breach_put_5d.pkl"
      },
      "CALL": {
        "cv_accuracy": 0.6589010989010988,
        "cv_logloss": 0.6206872817552218,
        "val_accuracy": 0.7347931873479319,
        "val_logloss": 0.5526552382832065,
        "safe_pct": 72.17550274223035,
        "breach_pct": 27.824497257769654,
        "n_samples": 2735,
        "n_features": 183,
        "model_path": "/home/runner/work/JUDAH-Nifty-Oracle/JUDAH-Nifty-Oracle/data/models/breach/xgb_breach_call_5d.pkl"
      }
    },
    "7": {
      "PUT": {
        "cv_accuracy": 0.6065934065934065,
        "cv_logloss": 0.6577215173456183,
        "val_accuracy": 0.6180048661800487,
        "val_logloss": 0.6446768775715636,
        "safe_pct": 66.94698354661791,
        "breach_pct": 33.05301645338209,
        "n_samples": 2735,
        "n_features": 183,
        "model_path": "/home/runner/work/JUDAH-Nifty-Oracle/JUDAH-Nifty-Oracle/data/models/breach/xgb_breach_put_7d.pkl"
      },
      "CALL": {
        "cv_accuracy": 0.5982417582417583,
        "cv_logloss": 0.6650347673330703,
        "val_accuracy": 0.6545012165450121,
        "val_logloss": 0.625369319691246,
        "safe_pct": 63.144424131627055,
        "breach_pct": 36.855575868372945,
        "n_samples": 2735,
        "n_features": 183,
        "model_path": "/home/runner/work/JUDAH-Nifty-Oracle/JUDAH-Nifty-Oracle/data/models/breach/xgb_breach_call_7d.pkl"
      }
    },
    "14": {
      "PUT": {
        "cv_accuracy": 0.5173626373626373,
        "cv_logloss": 0.6908538395976175,
        "val_accuracy": 0.6520681265206812,
        "val_logloss": 0.6256714214777245,
        "safe_pct": 52.6508226691042,
        "breach_pct": 47.3491773308958,
        "n_samples": 2735,
        "n_features": 183,
        "model_path": "/home/runner/work/JUDAH-Nifty-Oracle/JUDAH-Nifty-Oracle/data/models/breach/xgb_breach_put_14d.pkl"
      },
      "CALL": {
        "cv_accuracy": 0.4918681318681319,
        "cv_logloss": 0.7010716728566837,
        "val_accuracy": 0.6155717761557178,
        "val_logloss": 0.6547896875047065,
        "safe_pct": 42.81535648994515,
        "breach_pct": 57.18464351005485,
        "n_samples": 2735,
        "n_features": 183,
        "model_path": "/home/runner/work/JUDAH-Nifty-Oracle/JUDAH-Nifty-Oracle/data/models/breach/xgb_breach_call_14d.pkl"
      }
    },
    "28": {
      "PUT": {
        "cv_accuracy": 0.44219780219780225,
        "cv_logloss": 0.7020969645949533,
        "val_accuracy": 0.7007299270072993,
        "val_logloss": 0.6052890524397423,
        "safe_pct": 42.413162705667276,
        "breach_pct": 57.586837294332724,
        "n_samples": 2735,
        "n_features": 183,
        "model_path": "/home/runner/work/JUDAH-Nifty-Oracle/JUDAH-Nifty-Oracle/data/models/breach/xgb_breach_put_28d.pkl"
      },
      "CALL": {
        "cv_accuracy": 0.5815384615384616,
        "cv_logloss": 0.6785605547349013,
        "val_accuracy": 0.7104622871046229,
        "val_logloss": 0.5821760867414889,
        "safe_pct": 27.751371115173672,
        "breach_pct": 72.24862888482633,
        "n_samples": 2735,
        "n_features": 183,
        "model_path": "/home/runner/work/JUDAH-Nifty-Oracle/JUDAH-Nifty-Oracle/data/models/breach/xgb_breach_call_28d.pkl"
      }
    }
  }
}