{
  "last_trained": "2026-04-05 04:33:51",
  "threshold_pct": 2.5,
  "threshold_desc": "\u00b12.5% (~600 pts at Nifty 24000)",
  "horizons": {
    "3": {
      "PUT": {
        "cv_accuracy": 0.7841758241758241,
        "cv_logloss": 0.4960627645901428,
        "val_accuracy": 0.8439024390243902,
        "val_logloss": 0.42188886366572104,
        "safe_pct": 83.84615384615385,
        "breach_pct": 16.153846153846153,
        "n_samples": 2730,
        "n_features": 183,
        "model_path": "/home/runner/work/JUDAH-Nifty-Oracle/JUDAH-Nifty-Oracle/data/models/breach/xgb_breach_put_3d.pkl"
      },
      "CALL": {
        "cv_accuracy": 0.7995604395604395,
        "cv_logloss": 0.47044840609665284,
        "val_accuracy": 0.8560975609756097,
        "val_logloss": 0.39782148624606334,
        "safe_pct": 84.43223443223444,
        "breach_pct": 15.567765567765568,
        "n_samples": 2730,
        "n_features": 183,
        "model_path": "/home/runner/work/JUDAH-Nifty-Oracle/JUDAH-Nifty-Oracle/data/models/breach/xgb_breach_call_3d.pkl"
      }
    },
    "5": {
      "PUT": {
        "cv_accuracy": 0.6505494505494506,
        "cv_logloss": 0.6319529253078392,
        "val_accuracy": 0.7048780487804878,
        "val_logloss": 0.5885824709084856,
        "safe_pct": 73.69963369963371,
        "breach_pct": 26.300366300366296,
        "n_samples": 2730,
        "n_features": 183,
        "model_path": "/home/runner/work/JUDAH-Nifty-Oracle/JUDAH-Nifty-Oracle/data/models/breach/xgb_breach_put_5d.pkl"
      },
      "CALL": {
        "cv_accuracy": 0.661098901098901,
        "cv_logloss": 0.6198676913208192,
        "val_accuracy": 0.7463414634146341,
        "val_logloss": 0.5377853924747825,
        "safe_pct": 72.41758241758241,
        "breach_pct": 27.582417582417584,
        "n_samples": 2730,
        "n_features": 183,
        "model_path": "/home/runner/work/JUDAH-Nifty-Oracle/JUDAH-Nifty-Oracle/data/models/breach/xgb_breach_call_5d.pkl"
      }
    },
    "7": {
      "PUT": {
        "cv_accuracy": 0.6276923076923077,
        "cv_logloss": 0.656071104941411,
        "val_accuracy": 0.6024390243902439,
        "val_logloss": 0.652695613408511,
        "safe_pct": 66.7032967032967,
        "breach_pct": 33.2967032967033,
        "n_samples": 2730,
        "n_features": 183,
        "model_path": "/home/runner/work/JUDAH-Nifty-Oracle/JUDAH-Nifty-Oracle/data/models/breach/xgb_breach_put_7d.pkl"
      },
      "CALL": {
        "cv_accuracy": 0.5942857142857143,
        "cv_logloss": 0.6673708646668827,
        "val_accuracy": 0.6707317073170732,
        "val_logloss": 0.5950714915754494,
        "safe_pct": 63.44322344322344,
        "breach_pct": 36.55677655677656,
        "n_samples": 2730,
        "n_features": 183,
        "model_path": "/home/runner/work/JUDAH-Nifty-Oracle/JUDAH-Nifty-Oracle/data/models/breach/xgb_breach_call_7d.pkl"
      }
    },
    "14": {
      "PUT": {
        "cv_accuracy": 0.5406593406593407,
        "cv_logloss": 0.6942878857007797,
        "val_accuracy": 0.6219512195121951,
        "val_logloss": 0.64388083577698,
        "safe_pct": 52.74725274725275,
        "breach_pct": 47.25274725274725,
        "n_samples": 2730,
        "n_features": 183,
        "model_path": "/home/runner/work/JUDAH-Nifty-Oracle/JUDAH-Nifty-Oracle/data/models/breach/xgb_breach_put_14d.pkl"
      },
      "CALL": {
        "cv_accuracy": 0.4813186813186814,
        "cv_logloss": 0.7029563073504942,
        "val_accuracy": 0.5780487804878048,
        "val_logloss": 0.6642225285507914,
        "safe_pct": 42.78388278388278,
        "breach_pct": 57.21611721611721,
        "n_samples": 2730,
        "n_features": 183,
        "model_path": "/home/runner/work/JUDAH-Nifty-Oracle/JUDAH-Nifty-Oracle/data/models/breach/xgb_breach_call_14d.pkl"
      }
    },
    "28": {
      "PUT": {
        "cv_accuracy": 0.4492307692307692,
        "cv_logloss": 0.704566719600838,
        "val_accuracy": 0.6902439024390243,
        "val_logloss": 0.6128160788612134,
        "safe_pct": 42.49084249084249,
        "breach_pct": 57.509157509157504,
        "n_samples": 2730,
        "n_features": 183,
        "model_path": "/home/runner/work/JUDAH-Nifty-Oracle/JUDAH-Nifty-Oracle/data/models/breach/xgb_breach_put_28d.pkl"
      },
      "CALL": {
        "cv_accuracy": 0.5652747252747253,
        "cv_logloss": 0.6840342976133751,
        "val_accuracy": 0.6731707317073171,
        "val_logloss": 0.6141612227662555,
        "safe_pct": 28.35164835164835,
        "breach_pct": 71.64835164835165,
        "n_samples": 2730,
        "n_features": 183,
        "model_path": "/home/runner/work/JUDAH-Nifty-Oracle/JUDAH-Nifty-Oracle/data/models/breach/xgb_breach_call_28d.pkl"
      }
    }
  }
}