{
  "last_trained": "2026-04-05 05:27:20",
  "metrics": {
    "cv_accuracy": 0.5551648351648352,
    "risk_on_freq": 56.776556776556774,
    "n_samples": 2730
  }
}