{
  "last_trained": "2026-04-12 05:37:03",
  "metrics": {
    "reg_mae": 0.3426495196946296,
    "cls_accuracy": 0.7138461538461538,
    "n_samples": 2734
  }
}