{
  "last_trained": "2026-04-12 05:37:05",
  "metrics": {
    "cv_accuracy": 0.6250549450549452,
    "theta_freq": 61.864716636197436,
    "n_samples": 2735
  }
}