{
  "last_trained": "2026-04-12 05:36:21",
  "horizons": {
    "3": {
      "cv_recall": 0.10905214424951266,
      "tail_freq": 11.974944731024319,
      "n_samples": 2714
    },
    "5": {
      "cv_recall": 0.3406563535356602,
      "tail_freq": 21.665438467207075,
      "n_samples": 2714
    },
    "7": {
      "cv_recall": 0.5290162073698659,
      "tail_freq": 28.887251289609434,
      "n_samples": 2714
    }
  }
}